{
  "atq-m15": { "x": 0.8164, "y": 0.5704, "zoom": 0.3520 },
  "lea-m15": { "x": 0.8542, "y": 0.5707, "zoom": 0.225  },
  "lea-seventh": { "x": 0.8383084577114428, "y": 0.5550817341862118, "zoom": 0.206 },
  "xln-m15": { "x": 0.8642, "y": 0.5707, "zoom": 0.287  },
  "leg-m15": { "x": 0.8537, "y": 0.5704, "zoom": 0.226  },
  "xln-seventh": { "x": 0.8478, "y": 0.5551, "zoom": 0.263 },
  "atq-seventh": { "x": 0.8039800995024876, "y": 0.5554371002132196, "zoom": 0.321 },
  "atq-8th": { "x": 0.8040, "y": 0.5689, "zoom": 0.336 }
}